"";"Fechas";"DriveIDs";"idTemp$name"
"1";1982-02-01;"146iw7GbzWnp7mOkZh-SHVMqdCzr7u5KC";"Temperaturas1982-02-01.tif"
"2";2020-01-01;"13cMdZBGIxPcHQN1Fay-VS_vpXEq-uz53";"Temperaturas2020-01-01.tif"
"3";2019-12-01;"1Rt6PlGnFUWm2jhGzI4N3ZLssOWaJacRd";"Temperaturas2019-12-01.tif"
"4";2019-11-01;"1Mof6RhrhpVE9Z3KpbWdIPmNbvvvQIIUr";"Temperaturas2019-11-01.tif"
"5";2019-10-01;"1zEDYr1WQrVm3OxolstMd3tPs-IaYvCHH";"Temperaturas2019-10-01.tif"
"6";2019-09-01;"1sRw72ltV4ZFglxwLCepDGdzHGn3kDINq";"Temperaturas2019-09-01.tif"
"7";2019-08-01;"13a-lmoZ_bZkYXRhm6gojkuOSUyBPAjXO";"Temperaturas2019-08-01.tif"
"8";2019-07-01;"1jyb4R2cYz0jtx-9yyORg_mAe9mJR66tz";"Temperaturas2019-07-01.tif"
"9";2019-06-01;"1TGI7OsYeL0Vnv4nBnv0fbvdXOca6Gr7S";"Temperaturas2019-06-01.tif"
"10";2019-05-01;"196Lbw_PZpI_XK_zR-U3vujVEt4P1TBet";"Temperaturas2019-05-01.tif"
"11";2019-04-01;"1CKijOTHbyWAlhNc1P2Qg1sxVm14hVhrl";"Temperaturas2019-04-01.tif"
"12";2019-03-01;"1WUhXWtuJQ8kebUV0dBi1bRE_JlP-sqe0";"Temperaturas2019-03-01.tif"
"13";2019-02-01;"1HlL9CeqW7VDzFkwxWoS3mwrA6x9QqBjO";"Temperaturas2019-02-01.tif"
"14";2019-01-01;"1IajYkbnlpK_MbmoSegssAGSAGU5xW_AN";"Temperaturas2019-01-01.tif"
"15";2018-12-01;"1SAgGxto2u7FBts81PdtuWFtGsMYig48f";"Temperaturas2018-12-01.tif"
"16";2018-11-01;"1vf_NeMyvKISeP3DWsuUy3abnBpJ9Rtyv";"Temperaturas2018-11-01.tif"
"17";2018-10-01;"1k5CatM8f_vNhpddUyOWMp8U2XWRAdohs";"Temperaturas2018-10-01.tif"
"18";2018-09-01;"1OZ2-E5Pe-7ATtKmUggqK-NiLOvn9g1H_";"Temperaturas2018-09-01.tif"
"19";2018-08-01;"1Kf7vUmAsy1CLiUaZptCJtwD-1oeWw4il";"Temperaturas2018-08-01.tif"
"20";2018-07-01;"1v4dtd8v9y1uG0jdBWToAvziXrSO3ovWJ";"Temperaturas2018-07-01.tif"
"21";2018-06-01;"1Ssoofb5hPDA25ZccaxBuXUGZI664SDaN";"Temperaturas2018-06-01.tif"
"22";2018-05-01;"1fLWUwv_UXk5tl_0-X59B6oGSH_uXTPHU";"Temperaturas2018-05-01.tif"
"23";2018-04-01;"1RRqUsvcMzP3IEwQJTocrSMiCLZUFcPkq";"Temperaturas2018-04-01.tif"
"24";2018-03-01;"12d0CG-OQlsGyGlvmg6Q_f4RRCwsEshmb";"Temperaturas2018-03-01.tif"
"25";2018-02-01;"1sVFuBtsSDDyyYRfFJ0CM2GyWx3WRF-Jy";"Temperaturas2018-02-01.tif"
"26";2018-01-01;"1kYOz4MGzdUeED5xu_ChiZyYPV6iy0291";"Temperaturas2018-01-01.tif"
"27";2017-12-01;"1gGeulYLdqQK54E2IVV8QZMem8aJJFYv6";"Temperaturas2017-12-01.tif"
"28";2017-11-01;"1kZ-EOPUQWvMppgSX5DW9I-33jLu-n6Sq";"Temperaturas2017-11-01.tif"
"29";2017-10-01;"1REVrwZ8bSsmLrGaPqKuELcsBmTF5mhLT";"Temperaturas2017-10-01.tif"
"30";2017-09-01;"1HE1R9ceRCEMZd0IvFPebsO7flEy_ZvW5";"Temperaturas2017-09-01.tif"
"31";2017-08-01;"1Qs13sfza0zLUEgAxvwBWpp10tAtQNdZ9";"Temperaturas2017-08-01.tif"
"32";2017-07-01;"1GDbSKNcc4t5CcxpuRHguB3XHgBM1PM9-";"Temperaturas2017-07-01.tif"
"33";2017-06-01;"1XOR9twSg2AxK73s0E-CYNa2Refa-mSIG";"Temperaturas2017-06-01.tif"
"34";2017-05-01;"1C0wMZu38ZRII_7r58yPsAitgr_NYvw-P";"Temperaturas2017-05-01.tif"
"35";2017-04-01;"1qxVo6kKyoThMafR4JrWUYiv8v3vozbuN";"Temperaturas2017-04-01.tif"
"36";2017-03-01;"1uaZrTCpU3vSjRg1TvkkOWGp0c3YLL5ma";"Temperaturas2017-03-01.tif"
"37";2017-02-01;"1SMymnwY7BC7YzGeb6CZ5K7nmUO7Oo3kR";"Temperaturas2017-02-01.tif"
"38";2017-01-01;"1cbVxJVlM6g56ZUmRc7IBVmah-nCR1Ol4";"Temperaturas2017-01-01.tif"
"39";2016-12-01;"1a56R6mK46EZh0r5o5LmWnwJ1oigzFaZU";"Temperaturas2016-12-01.tif"
"40";2016-11-01;"1QB01DWzmi_pH9xYIrEVqIGrCt1679tUL";"Temperaturas2016-11-01.tif"
"41";2016-10-01;"1JFr3lNeplYtcUpJN3LCyxj6WhU1psZ1g";"Temperaturas2016-10-01.tif"
"42";2016-09-01;"1SRLNsWeRTQ_1CVQkEgu8JmSt4HoJN1EA";"Temperaturas2016-09-01.tif"
"43";2016-08-01;"17opBUP0zr7mLXmsoW50qoMuoKNwFYTa4";"Temperaturas2016-08-01.tif"
"44";2016-07-01;"1ITrP-_7QavoY8RQQSgzHHAodzeljXYg4";"Temperaturas2016-07-01.tif"
"45";2016-06-01;"1C0So387IHh71LxI7WfB-4Qr02npTsiRr";"Temperaturas2016-06-01.tif"
"46";2016-05-01;"1VYDqs2Wk4qFG-TdXIQapYwFEQ6d4pdhd";"Temperaturas2016-05-01.tif"
"47";2016-04-01;"1XnKBthZ2vTHSmXtx7QuN2Q33zGS9C5vk";"Temperaturas2016-04-01.tif"
"48";2016-03-01;"1q677wn6ybrVQtLochlUsqbhT8-a4aVQb";"Temperaturas2016-03-01.tif"
"49";2016-02-01;"1wkjBMdmFPxhgCKODwOUua_xoQNddt2oF";"Temperaturas2016-02-01.tif"
"50";2016-01-01;"1Ll5HyGi_d5QPqaaoHMXtYpis1pgbnOMF";"Temperaturas2016-01-01.tif"
"51";2015-12-01;"1HCh7QJgwtEPzEnI7m6mt3o-HU177YRkB";"Temperaturas2015-12-01.tif"
"52";2015-11-01;"1tD7e0O6cXt4iTNBcviXnM0zQoOkzhybN";"Temperaturas2015-11-01.tif"
"53";2015-10-01;"1rHeSOqh75iU0jUZ_86L_Xi6UK7UwSkV5";"Temperaturas2015-10-01.tif"
"54";2015-09-01;"1I7jVANhZntF-SrmBwtwrtnmFx6nPZ6uQ";"Temperaturas2015-09-01.tif"
"55";2015-08-01;"1brmv3LFBMOcVF6ovdbu64Qg4QKmad9MA";"Temperaturas2015-08-01.tif"
"56";2015-07-01;"1uhxLSBB2yeqiAVgLHVjS6A2NIy4OVNrj";"Temperaturas2015-07-01.tif"
"57";2015-06-01;"1SjqSWnSn_CSHbmGyZsmIkPZMSlmXhT18";"Temperaturas2015-06-01.tif"
"58";2015-05-01;"1UtBlx06Nxev9C-TwJT3Ly9dixJcz6fiw";"Temperaturas2015-05-01.tif"
"59";2015-04-01;"10h63yyVYMOZKZ0JqUw-J5oCONhI2g7kf";"Temperaturas2015-04-01.tif"
"60";2015-03-01;"1WQwUxlmynIznx-EOoEu2kZ0vfIKUVXeo";"Temperaturas2015-03-01.tif"
"61";2015-02-01;"16X5YhXHTPZ5j8VSb86Jbz3yI9e_GB3er";"Temperaturas2015-02-01.tif"
"62";2015-01-01;"1-8Sq9gu6TUc0svD4XtwhwFWI8fqYkGH_";"Temperaturas2015-01-01.tif"
"63";2014-12-01;"1aM4o6F1rziaX3T3ZIL7f2nlPQ4HRbXql";"Temperaturas2014-12-01.tif"
"64";2014-11-01;"1oSL0HRppK9j2-9BMQM6cTrUnYruuGANK";"Temperaturas2014-11-01.tif"
"65";2014-10-01;"1ryXUJmq92xpHJ2-itpGNWLWPrwt_TABc";"Temperaturas2014-10-01.tif"
"66";2014-09-01;"1GDhl6bWMag0tkShYmsUMVlsRvlqvX2QA";"Temperaturas2014-09-01.tif"
"67";2014-08-01;"1WRqJ9JRcK_qAuWD1liTP_0wX-MPDw9sW";"Temperaturas2014-08-01.tif"
"68";2014-07-01;"1spBcmqRLAqWFXylDfjMSz0kjwERk8kk8";"Temperaturas2014-07-01.tif"
"69";2014-06-01;"13OJm4OmDy147T-rkYUK0gMq4WQiKKg5K";"Temperaturas2014-06-01.tif"
"70";2014-05-01;"1p0YVkqS85o6tr_iQP-xWsA_G5bzgZPye";"Temperaturas2014-05-01.tif"
"71";2014-04-01;"1pwuianDXNdE8gUuLodfic55J_jjt9g4C";"Temperaturas2014-04-01.tif"
"72";2014-03-01;"1VKmCZCiGo6ejYgLIvSyLBprqFj1Gnz12";"Temperaturas2014-03-01.tif"
"73";2014-02-01;"1JF_lEQAhTKjop6cJn1ixYY5-LF1_GLKB";"Temperaturas2014-02-01.tif"
"74";2014-01-01;"1h0IomOXDMK1h8YY704d5e0A3IhCfCoFc";"Temperaturas2014-01-01.tif"
"75";2013-12-01;"1UbdvoKo_pDhVAkfJCYLwq6Cd-4HWvZbA";"Temperaturas2013-12-01.tif"
"76";2013-11-01;"17PvAM-37SXjqzI2IprRZ9Hfp06bM2GyI";"Temperaturas2013-11-01.tif"
"77";2013-10-01;"1TqAA9a45uCf41YWsebY3GVfGt3eSMXrY";"Temperaturas2013-10-01.tif"
"78";2013-09-01;"17V8v0-4q1pvn19pjEl0lLYcj_bahEa20";"Temperaturas2013-09-01.tif"
"79";2013-08-01;"1_YUbuaAxbQ0sfP03Rn4YAduGnWUZibKs";"Temperaturas2013-08-01.tif"
"80";2013-07-01;"1pq-3qq_puv9ksaKixHuY4bkp1A7rI0pJ";"Temperaturas2013-07-01.tif"
"81";2013-06-01;"1oem0Zzv6UNa9mfs8elO8IYUYpM-3Okxv";"Temperaturas2013-06-01.tif"
"82";2013-05-01;"14iTb_Jo4UnJZbJH6-Oh0mLnmY24alfbh";"Temperaturas2013-05-01.tif"
"83";2013-04-01;"1B38lhHL_yqgKWKu6eTlUrhq7daeHOgr0";"Temperaturas2013-04-01.tif"
"84";2013-03-01;"1m9U1kX3wevo1-K9KfYpmgbmqyYU9BrvF";"Temperaturas2013-03-01.tif"
"85";2013-02-01;"1Lu40HttFp9oF1U1OA6IX9szDVqzZYcOJ";"Temperaturas2013-02-01.tif"
"86";2013-01-01;"1ahocEl1ghUV2i3zdyPz3yObHRl97dGnr";"Temperaturas2013-01-01.tif"
"87";2012-12-01;"1rfm2jIjq8pK0wqwfuJzHjRsOplYTsWkR";"Temperaturas2012-12-01.tif"
"88";2012-11-01;"1fXLEffignwr_xTY5FE767n-59inx36es";"Temperaturas2012-11-01.tif"
"89";2012-10-01;"16IB5sY0LD7zYOGIeoNNHtf7SIVjLJtTQ";"Temperaturas2012-10-01.tif"
"90";2012-09-01;"1R6l2wWPLqFmk48P5YiZ4MMZ_0qUbQ6OZ";"Temperaturas2012-09-01.tif"
"91";2012-08-01;"1cGrzXKCA2kHhHczYHCiWT30OCLHd4uYf";"Temperaturas2012-08-01.tif"
"92";2012-07-01;"1aqE8fQqO9xgVjKBDMXO-FSwxYElBzLpq";"Temperaturas2012-07-01.tif"
"93";2012-06-01;"1rCAnIVRh306gJ5hOXX9Hw__AXyS1dgGP";"Temperaturas2012-06-01.tif"
"94";2012-05-01;"1iI1Lvs3uYr4pFDyXMcGkBU_XGb_jvvlh";"Temperaturas2012-05-01.tif"
"95";2012-04-01;"1sOoIHJZxAmOPPDDl0pyOMN9VX0OCOpQ6";"Temperaturas2012-04-01.tif"
"96";2012-03-01;"1SpVt4Zp2tdL9ir7TT4rNCDdu_ksAmFx1";"Temperaturas2012-03-01.tif"
"97";2012-02-01;"1mAHAkUofSq4u2JStBA6T-O3RnaZk1sv3";"Temperaturas2012-02-01.tif"
"98";2012-01-01;"1YCS1kwO2FxqpuWBjpJVq0z4WhFJSLxke";"Temperaturas2012-01-01.tif"
"99";2011-12-01;"1TUpUJUTrg_unhNplkHhC1KJBCdIx6gvQ";"Temperaturas2011-12-01.tif"
"100";2011-11-01;"1d2R9QmwKSueOCM9pVvJch6QqYHxORi83";"Temperaturas2011-11-01.tif"
"101";2011-10-01;"1ZX8rpSGwA6SngWB2EWqBbvyDTTwU74Pq";"Temperaturas2011-10-01.tif"
"102";2011-09-01;"15_iEJmO0jpgzvxdm3trSOqyfYHWHfALG";"Temperaturas2011-09-01.tif"
"103";2011-08-01;"19ZQyojJ46ICvhSg-ymNQH5uaEQtcjEfm";"Temperaturas2011-08-01.tif"
"104";2011-07-01;"1Qb6XWSB0KQU0AXqK9FL0bh8dTeF8TldQ";"Temperaturas2011-07-01.tif"
"105";2011-06-01;"1ExRaDR66DnDvgvfjtwnqdVoL2f0lfyOn";"Temperaturas2011-06-01.tif"
"106";2011-05-01;"1ZUIUQJfasaNfJX0sXIxaEmMEORpz3_wp";"Temperaturas2011-05-01.tif"
"107";2011-04-01;"1Tf5I7-j5CZgbxN0R0rmcieUlChxPQIVE";"Temperaturas2011-04-01.tif"
"108";2011-03-01;"1OFSZkwEYWZutV2dlKU144D0GPq1kiKCw";"Temperaturas2011-03-01.tif"
"109";2011-02-01;"1FLyniDb26dofXpgUr7n4_YYp7_vkZiY1";"Temperaturas2011-02-01.tif"
"110";2011-01-01;"119Xzcmo2fOSX580CdEwbvKFIxPlzPk7b";"Temperaturas2011-01-01.tif"
"111";2010-12-01;"1KdH1bREywd9NcW-tsXgSTOrvDx5VMQSn";"Temperaturas2010-12-01.tif"
"112";2010-11-01;"1d1FW25LauwNGn0FBQJ-yUiVDpPGNX1yQ";"Temperaturas2010-11-01.tif"
"113";2010-10-01;"1-Cu51mpYPvIqiXoJHG8vJr9L-ygbMtvq";"Temperaturas2010-10-01.tif"
"114";2010-09-01;"1ZkZVuD1Y7zn8Uj_yiLIgC2Q3ycq8lmYY";"Temperaturas2010-09-01.tif"
"115";2010-08-01;"1ZdOPSL-xpvdoRYedcqOrFksMFMTd5ZrR";"Temperaturas2010-08-01.tif"
"116";2010-07-01;"1UjtRslaLrknngrD6q4wmCRjMrziR29UG";"Temperaturas2010-07-01.tif"
"117";2010-06-01;"1oDGXNjA6wIBpIW_tnSKgt5GyzulOiaFt";"Temperaturas2010-06-01.tif"
"118";2010-05-01;"1vwEK4FctlVDHbyrNQHzg080a15jVw4G5";"Temperaturas2010-05-01.tif"
"119";2010-04-01;"1EmnhV7ObmIyMAb0VfTr3SyvdBZKeJoTs";"Temperaturas2010-04-01.tif"
"120";2010-03-01;"1JwOqmD5_4Yarpmonsi2p-0iC2_Jtlk5i";"Temperaturas2010-03-01.tif"
"121";2010-02-01;"1DGldqhadU0VM9bBDgGtBAmLqsThq-Vi6";"Temperaturas2010-02-01.tif"
"122";2010-01-01;"1yCFX2YAKYn51fczOybMqUUhBOlxVykZX";"Temperaturas2010-01-01.tif"
"123";2009-12-01;"1w2aJ2FG9QBoM4bkNN2WdIZiMi7-mGXXy";"Temperaturas2009-12-01.tif"
"124";2009-11-01;"1uou_YvHsdohnqYL0T_IRz3BWV7ELVMHt";"Temperaturas2009-11-01.tif"
"125";2009-10-01;"1b3nE-Tal0uXCfUdHFb-KXRTQ8NyOgJsF";"Temperaturas2009-10-01.tif"
"126";2009-09-01;"12TTm9LFPz_stNq4CeiVLBhBWWofb9hNm";"Temperaturas2009-09-01.tif"
"127";2009-08-01;"1rfFVn_M7oh2H18FMvpn2c9hRvo-YLa3n";"Temperaturas2009-08-01.tif"
"128";2009-07-01;"1wA6ng6z88-ltdPJZFXwJ2ncVkN9MgHJJ";"Temperaturas2009-07-01.tif"
"129";2009-06-01;"1biI4uRT6an7LCVz2k1vVl_TMWC2wU0Ni";"Temperaturas2009-06-01.tif"
"130";2009-05-01;"1cwf3MsYVSTtjQ3JzBmkPgSL8kQnSp4ZF";"Temperaturas2009-05-01.tif"
"131";2009-04-01;"1nittZ72GMqkcGEW6EKtIG1upsFjwed6q";"Temperaturas2009-04-01.tif"
"132";2009-03-01;"1ya_5y5IpF79WRK07dcf-iNtwwQrcBnfg";"Temperaturas2009-03-01.tif"
"133";2009-02-01;"1ergnjc1DuzQYGhpHNJqECSblh4c2z824";"Temperaturas2009-02-01.tif"
"134";2009-01-01;"1bU3RkPO_E0gjOEvYrBkEMqH9_-SoMi_X";"Temperaturas2009-01-01.tif"
"135";2008-12-01;"1zNbstvQu5sAyuaA3fk6UlVLB1gLtrQcT";"Temperaturas2008-12-01.tif"
"136";2008-11-01;"18H_SFQj9JnhJFnHcEkNhNpjzFGZiOH1S";"Temperaturas2008-11-01.tif"
"137";2008-10-01;"13EpEMwaS_-IH3KnzQwMHAR-fw-nrJksj";"Temperaturas2008-10-01.tif"
"138";2008-09-01;"1cVbwEt0vmbZp_8rDq07SJBG_HnSlVUQU";"Temperaturas2008-09-01.tif"
"139";2008-08-01;"1HtiawDGJZcqrbxXqbpO56BqgKtkR0WAJ";"Temperaturas2008-08-01.tif"
"140";2008-07-01;"1HhYoXr8iU1RSJwIDkmF9vsuXp-6idJJ_";"Temperaturas2008-07-01.tif"
"141";2008-06-01;"1kcsOgeLOQGvysNXb7BK8MVP-2VQfvjYD";"Temperaturas2008-06-01.tif"
"142";2008-05-01;"1gSQ2hHcKqsFcqrj8M9wZrnLgLBMTeRps";"Temperaturas2008-05-01.tif"
"143";2008-04-01;"1ZretZuL6vavUDCRh2yknDXnpxVYvImJP";"Temperaturas2008-04-01.tif"
"144";2008-03-01;"1QYoSEp15FUvWINoV5jBbJxrMgczkZk5a";"Temperaturas2008-03-01.tif"
"145";2008-02-01;"1pWup3aS_o9vW67vS2VNmKt4FltNC9O25";"Temperaturas2008-02-01.tif"
"146";2008-01-01;"1AyKiSttTEYwX8KkW4OdHukEzNtj660kK";"Temperaturas2008-01-01.tif"
"147";2007-12-01;"16WN9ajmbw7-jaDv_JewjRUAaiToacmdk";"Temperaturas2007-12-01.tif"
"148";2007-11-01;"1aH29JqC0_EIoB24BK2LUIi8DhBvQRaW8";"Temperaturas2007-11-01.tif"
"149";2007-10-01;"1aW9lEzhoOzxUdhLdhh5IZRuthU1__lj_";"Temperaturas2007-10-01.tif"
"150";2007-09-01;"1Vbc9J5dVUHO3VMnJzBYrrIZ_T4kBc6lK";"Temperaturas2007-09-01.tif"
"151";2007-08-01;"1uZpL6f0S6ocVLRVmHYCO8bCzt9nOQhZB";"Temperaturas2007-08-01.tif"
"152";2007-07-01;"1Eqh52j539bIUPV8ci4hqSy3me0OE0FkZ";"Temperaturas2007-07-01.tif"
"153";2007-06-01;"1KIY78noKNs-k9O9ikCWe_G1xQcZlcEqt";"Temperaturas2007-06-01.tif"
"154";2007-05-01;"1lor7O-6NzDsB1VuoMO945YPe6RL9XY35";"Temperaturas2007-05-01.tif"
"155";2007-04-01;"1CosL94Ef0iMzy2NM1A2yce1943In-WkX";"Temperaturas2007-04-01.tif"
"156";2007-03-01;"1eU_iTvRCodbdcNiB98yuqVc6Z1NDee7m";"Temperaturas2007-03-01.tif"
"157";2007-02-01;"1lvcpTqEc6Hr0wQFBpzFeo5u7uQUu6gkS";"Temperaturas2007-02-01.tif"
"158";2007-01-01;"16MhrFHpiVekLThQ2Wue3F7lF6v61x_9l";"Temperaturas2007-01-01.tif"
"159";2006-12-01;"1mCfpw7lcCwTd4IAz4ilENrM5nln1qWqk";"Temperaturas2006-12-01.tif"
"160";2006-11-01;"1dFvC4CyhyUs4l1S2JRlWWz-harZqlEpC";"Temperaturas2006-11-01.tif"
"161";2006-10-01;"19rzuXQARIKhNXmGgFrhq-EPnOgG3Esxm";"Temperaturas2006-10-01.tif"
"162";2006-09-01;"14nstx4EyWXLViqR4_xEqKn3jlmwqcmsb";"Temperaturas2006-09-01.tif"
"163";2006-08-01;"1iq9ef7PspYdpE_N1F9o2-AeIhGPKlGMg";"Temperaturas2006-08-01.tif"
"164";2006-07-01;"14EJ_dWhZckiAbFeciGbVJffBcH76N0SO";"Temperaturas2006-07-01.tif"
"165";2006-06-01;"1Fg1vVTqkEoEBOiR8kjL0FjLENqW4pntM";"Temperaturas2006-06-01.tif"
"166";2006-05-01;"1MYkN3VFC_oVaAY9msteSOHGTN_9pAXo1";"Temperaturas2006-05-01.tif"
"167";2006-04-01;"1yUef1vb6_ePLe403eQzjTmfI1tCrKhi2";"Temperaturas2006-04-01.tif"
"168";2006-03-01;"1BcbGmQl5XqFVuYp5Q4H-7-122_m47ivX";"Temperaturas2006-03-01.tif"
"169";2006-02-01;"1TKC4H94ABvsfJnyLp_taflDsD8XQ2TZL";"Temperaturas2006-02-01.tif"
"170";2006-01-01;"13yIRuakTYozR40DYnOHP5gzgII_Sd9Q_";"Temperaturas2006-01-01.tif"
"171";2005-12-01;"1oUuNEJvrZ5nlAa9rz7NcDOld0WPOpOAP";"Temperaturas2005-12-01.tif"
"172";2005-11-01;"1GqH4oqMA87j4G7q8fIiW9SOHZwuAYaxM";"Temperaturas2005-11-01.tif"
"173";2005-10-01;"1o1X3iEsGi-6aWogP9UZDbcYjUcocYCNX";"Temperaturas2005-10-01.tif"
"174";2005-09-01;"1xZwHAi54lzBKw2r-G9g_wYD3aFiqStPX";"Temperaturas2005-09-01.tif"
"175";2005-08-01;"1pN9Irk-ehCl-3Nu6e0G92aeagDPE3JQ9";"Temperaturas2005-08-01.tif"
"176";2005-07-01;"1bvbFnQZ6MBqNzjqrEsuVVlGaQ8VibJ8d";"Temperaturas2005-07-01.tif"
"177";2005-06-01;"1TCkXa3-uJmkFPtNWnjLllsoqVk_66NWG";"Temperaturas2005-06-01.tif"
"178";2005-05-01;"1Uta5Gd_ng2ShUkMNH7ltXGkv_ycN_Ipv";"Temperaturas2005-05-01.tif"
"179";2005-04-01;"1HxBumSI6tiHpQ5damNkRaGF1esuE4p4n";"Temperaturas2005-04-01.tif"
"180";2005-03-01;"1qGGs2JTX929Ycci92m1rXaV7znXVa33E";"Temperaturas2005-03-01.tif"
"181";2005-02-01;"1tGeYeRVTNAoda53KFHL6YHmdHuPBqBtr";"Temperaturas2005-02-01.tif"
"182";2005-01-01;"1xjRh9aM4G7uZVXQR_mkicwEVGpVGRnga";"Temperaturas2005-01-01.tif"
"183";2004-12-01;"1cd6F2Qgf6graTxkQcUTZVKe0BNz6BioB";"Temperaturas2004-12-01.tif"
"184";2004-11-01;"1nqXFw3btlobfzTw-HM7c-SX1cegmQCPH";"Temperaturas2004-11-01.tif"
"185";2004-10-01;"13lkJWWFfzGc5AYp8Sr6e-dBKuktqc6bb";"Temperaturas2004-10-01.tif"
"186";2004-09-01;"1vAbNfIDkXWr1Iu3-iYOT4nKjYP7vEcPp";"Temperaturas2004-09-01.tif"
"187";2004-08-01;"1UrG9YADfcb7lXbXSPnNqU-Sibp_e2hFL";"Temperaturas2004-08-01.tif"
"188";2004-07-01;"1KpIbY5QUI0ZrdZBZlkwsxtLmCsJUKXAF";"Temperaturas2004-07-01.tif"
"189";2004-06-01;"1CX_u-zDOIzaaXgNmt3VQG4pQyhudjbQz";"Temperaturas2004-06-01.tif"
"190";2004-05-01;"19BMnwakJLqc2X0SFpvoP90tberHrSw1J";"Temperaturas2004-05-01.tif"
"191";2004-04-01;"1ZEEn4maFYUZfd2maBLPxe7D0KKWxGQYv";"Temperaturas2004-04-01.tif"
"192";2004-03-01;"1o0H8n3Aaf9npLlxTclVUPqJHG5xHabDQ";"Temperaturas2004-03-01.tif"
"193";2004-02-01;"1MwfC6Pcz4ZARWrnZTFjU4_c31H2WuQMX";"Temperaturas2004-02-01.tif"
"194";2004-01-01;"1st72_OSGtJDpM1oNf3PIsQTmj2hSEZIO";"Temperaturas2004-01-01.tif"
"195";2003-12-01;"17XKYwC1FPuKa1mSzv-65jBcXeLUa3Eck";"Temperaturas2003-12-01.tif"
"196";2003-11-01;"1ctGAEXGJ7TBZntCRqkcAa2UB5gbiL92s";"Temperaturas2003-11-01.tif"
"197";2003-10-01;"1KQkDAw-Pipy_G3Useka0wuED63eZekTR";"Temperaturas2003-10-01.tif"
"198";2003-09-01;"1AkBghfDNZ8WyddkODDc4xbMqXAyRnjiw";"Temperaturas2003-09-01.tif"
"199";2003-08-01;"1NIMHQuV9d764VBHBX5LZ2VFREE5_GRmc";"Temperaturas2003-08-01.tif"
"200";2003-07-01;"1upS5tO3kTOLqbISCLc0vhT88TaHlFimd";"Temperaturas2003-07-01.tif"
"201";2003-06-01;"122nJ0aBg1UqDkg9awOFQTtU9sD6FyjyD";"Temperaturas2003-06-01.tif"
"202";2003-05-01;"1e1Bzj73jiVc5JFf6mh4cSYM_17V8fkTR";"Temperaturas2003-05-01.tif"
"203";2003-04-01;"1YqI7ikYStCiGbNcT7qE1-HURmo2c4anC";"Temperaturas2003-04-01.tif"
"204";2003-03-01;"1IQKR2LtKZTF3AUKvBZjjJmoQkhWBYKUZ";"Temperaturas2003-03-01.tif"
"205";2003-02-01;"1UOmTDiWrbAoaLEweY295r6IrOL1cRS-L";"Temperaturas2003-02-01.tif"
"206";2003-01-01;"14fyKWin-k8EF57ZR4DYh5lLpbtLsp7EY";"Temperaturas2003-01-01.tif"
"207";2002-12-01;"1WyVeoDRbF3wL0bb04V7C9U81CDERNxTY";"Temperaturas2002-12-01.tif"
"208";2002-11-01;"1F-xKMGk5UcUAiCGiQ4pwLcwnhSGXzciu";"Temperaturas2002-11-01.tif"
"209";2002-10-01;"1GIBGEsfqYnJCJm-lfdwTF7CZcTUsrL5R";"Temperaturas2002-10-01.tif"
"210";2002-09-01;"15GPXoaRroOQgFhUG5jMME9ti8K4OCbxj";"Temperaturas2002-09-01.tif"
"211";2002-08-01;"1oEtxEfxHOznwjKjyGi5EyEEptFtRBqHw";"Temperaturas2002-08-01.tif"
"212";2002-07-01;"1UHw89iqsQy2lD5TtTndXfKcR9HJusqxA";"Temperaturas2002-07-01.tif"
"213";2002-06-01;"1Px8VxBbInM0I2Ph4RgzSdhk2W1PpdQgH";"Temperaturas2002-06-01.tif"
"214";2002-05-01;"16KWdK7J18zfluRxbtAH-EdX1pL0y0bm-";"Temperaturas2002-05-01.tif"
"215";2002-04-01;"1LQZnxNbt4jZEdRineKCh3H3RUP0Hx7mz";"Temperaturas2002-04-01.tif"
"216";2002-03-01;"10IuUmRHu8_kIqr_xoVQquVG8mXk743hu";"Temperaturas2002-03-01.tif"
"217";2002-02-01;"1qZsoAv5M1B3NTOhOTyLZzP40V6CRfpTY";"Temperaturas2002-02-01.tif"
"218";2002-01-01;"1F3As_pr4D-Xn20NVO1r1RJKs_sWpwxEw";"Temperaturas2002-01-01.tif"
"219";2001-12-01;"14daB2EXKn4AmCM_yXu3qek0EwHXlXQfe";"Temperaturas2001-12-01.tif"
"220";2001-11-01;"1BGgK3jGjAjwxzAvp8hp490KsVFWo9gWe";"Temperaturas2001-11-01.tif"
"221";2001-10-01;"1o86qBTTOk5_mq5msGYQsR-aApdlQxt6S";"Temperaturas2001-10-01.tif"
"222";2001-09-01;"1c4Gd1t7l1CSaN8LSsVcii5hXTFlgBgAj";"Temperaturas2001-09-01.tif"
"223";2001-08-01;"1_3cjIar867KQEy3Tb0NiQpYsalDHLiVM";"Temperaturas2001-08-01.tif"
"224";2001-07-01;"1HkAabhBzbk7kK5-0F4SCrab-wRX9dzBK";"Temperaturas2001-07-01.tif"
"225";2001-06-01;"160_ebuklpU0z1fhzPFq9pVjx4YyM4wEJ";"Temperaturas2001-06-01.tif"
"226";2001-05-01;"1lWzBbDvu5jTrUiq_jzLm59eYyb2WuEKl";"Temperaturas2001-05-01.tif"
"227";2001-04-01;"16EVx1TvEP1-5w7vxBZruQCbtKAt35Ax-";"Temperaturas2001-04-01.tif"
"228";2001-03-01;"1NOGFv58N4iGzWy34lS7LNPJUB3pUyc2R";"Temperaturas2001-03-01.tif"
"229";2001-02-01;"1MqFaN9e51As-rnM_FpSgIxyEBEm-3-hG";"Temperaturas2001-02-01.tif"
"230";2001-01-01;"1QZ3EHDo_wROxbcHNidBPZCpf4XBwsMs3";"Temperaturas2001-01-01.tif"
"231";2000-12-01;"1ria25yGQhZ6gj_hRUS6IprV9w3FkM86l";"Temperaturas2000-12-01.tif"
"232";2000-11-01;"19v0LvhyLIOwuwkF3d2AZbWfPJknAyUAt";"Temperaturas2000-11-01.tif"
"233";2000-10-01;"1uKYP7ngg8DF8YGrjCHYOuzf98wBCUuq9";"Temperaturas2000-10-01.tif"
"234";2000-09-01;"1oTFTrKeOjhlEScykYMTW_-ul2cp_rCCV";"Temperaturas2000-09-01.tif"
"235";2000-08-01;"1yStKN0IwJ9gpuMbW078ItG1EflCjbGu2";"Temperaturas2000-08-01.tif"
"236";2000-07-01;"1szXSdnzw-4XwsePui8ulV5eQ20ridQxH";"Temperaturas2000-07-01.tif"
"237";2000-06-01;"1Cutz1KwUNg2gqyDrd4rd1EHr20GMRH08";"Temperaturas2000-06-01.tif"
"238";2000-05-01;"1U69-0tD2SnwD5BbBaCy3m-O4a5haSdQQ";"Temperaturas2000-05-01.tif"
"239";2000-04-01;"1IBLZ9ZLquv4RG8utFm5qCbk-B74cP-qi";"Temperaturas2000-04-01.tif"
"240";2000-03-01;"1hyxm1nTs9zGA2zj30efeV9RBylGVKOUa";"Temperaturas2000-03-01.tif"
"241";2000-02-01;"18tjlFX6juewuUAbowYHXQsAx0CcRRPv4";"Temperaturas2000-02-01.tif"
"242";2000-01-01;"1sfl-7e9TNzv0NLnCMXg4iAsiyiW9HMep";"Temperaturas2000-01-01.tif"
"243";1999-12-01;"1H3t6Xjjl0wEvzXChPuK5rTLN0xhS-3zU";"Temperaturas1999-12-01.tif"
"244";1999-11-01;"16twBLeXsYTJf8a837Zdrs9ARQAcFn93b";"Temperaturas1999-11-01.tif"
"245";1999-10-01;"1J0TF5DG8bfFIFrbkZ3SZmB6OCfaY1WXx";"Temperaturas1999-10-01.tif"
"246";1999-09-01;"1dHQeBhIpBxjOPtxlkeniUvnnqwgNpOwj";"Temperaturas1999-09-01.tif"
"247";1999-08-01;"1piQi4deP3phMLPreyi-SmLypQWbpbwIb";"Temperaturas1999-08-01.tif"
"248";1999-07-01;"1QeAxaLhP9ANqpwZxlwJZRwhnCC1ip36k";"Temperaturas1999-07-01.tif"
"249";1999-06-01;"1jisovCMGseFh2Hq197DYx2xB6lzR2g63";"Temperaturas1999-06-01.tif"
"250";1999-05-01;"1GuexDenS-tPbqrwnZKX5cJKqJoIt80S6";"Temperaturas1999-05-01.tif"
"251";1999-04-01;"10qkusAJw8P0o6qAUFCqrUD7dTbllHYXh";"Temperaturas1999-04-01.tif"
"252";1999-03-01;"1_esRpgPkZvoLTdYY5XiqxknmuUTRtvGa";"Temperaturas1999-03-01.tif"
"253";1999-02-01;"1XS3ZJQnyJD_KxFxCdCgsSzfNn5F2r1CV";"Temperaturas1999-02-01.tif"
"254";1999-01-01;"12GbM6xQWSAla5h_8nA_dRu50Cw74MHM1";"Temperaturas1999-01-01.tif"
"255";1998-12-01;"1SR3Qwkbtm3GDwGJWKrsFONhdg5wub6Ns";"Temperaturas1998-12-01.tif"
"256";1998-11-01;"1LbkH66dDXfHhL9ompcMq64XG0TlJhw1E";"Temperaturas1998-11-01.tif"
"257";1998-10-01;"1aKu0lLqAD6FBtF8Ju8JbpaxUSIdSenD5";"Temperaturas1998-10-01.tif"
"258";1998-09-01;"1YFB-YEqgVgjRz_QeMSIrLd4kk5NK1JKr";"Temperaturas1998-09-01.tif"
"259";1998-08-01;"1Z5ILn_Bmwz2W_XI3QXvkCQa9doIlUEqf";"Temperaturas1998-08-01.tif"
"260";1998-07-01;"1fmlTZAzwjtS-1pb2_M-FI4R3I1sLiCEn";"Temperaturas1998-07-01.tif"
"261";1998-06-01;"1v_PD9sk3npdg64a4nh2UEiHqXXvSp9bG";"Temperaturas1998-06-01.tif"
"262";1998-05-01;"1Y7RK-vr0Ve5wODclT3bBx3MZjM8sqeF4";"Temperaturas1998-05-01.tif"
"263";1998-04-01;"1wW80tV5DulTMufz6RdAf4ouKIK0o7-rK";"Temperaturas1998-04-01.tif"
"264";1998-03-01;"1zGJxN3w-ASLtrR-NxjMyOWab6sbUd53o";"Temperaturas1998-03-01.tif"
"265";1998-02-01;"1o9iH3pluVaqp2nmpXFffYq20aIDALRWI";"Temperaturas1998-02-01.tif"
"266";1998-01-01;"1aGJXOLeJH2EDSe5E1Xi3C-Cj7yq6wRrJ";"Temperaturas1998-01-01.tif"
"267";1997-12-01;"1e7Eo6zhZWmvClMwJjWxjpRiPEQ2i2eEU";"Temperaturas1997-12-01.tif"
"268";1997-11-01;"1YmiA58X0L9n-FVUYJOUrqDkMRj-CIuFj";"Temperaturas1997-11-01.tif"
"269";1997-10-01;"1dFbEFxGOF9BEjUP8593zfn9XVrz3AV1n";"Temperaturas1997-10-01.tif"
"270";1997-09-01;"1ZUGdopobyqQJhkRhsWsjwqt-Xv1q0xbe";"Temperaturas1997-09-01.tif"
"271";1997-08-01;"1umWz6qLC1gXr4q9axDLjjX8hRgs2qYYm";"Temperaturas1997-08-01.tif"
"272";1997-07-01;"1axyQuhLRRcVgopa3GLahJfWE4RTXa3VX";"Temperaturas1997-07-01.tif"
"273";1997-06-01;"1bFw-gRtSlaJK28hrVlaTg8PaANvxgtSu";"Temperaturas1997-06-01.tif"
"274";1997-05-01;"1AGCFd5JryMtqA6HK8d9KvtaBwm66eqDj";"Temperaturas1997-05-01.tif"
"275";1997-04-01;"12e5sYqAuXXpP_dE8z26CFYh1BGwY1pQw";"Temperaturas1997-04-01.tif"
"276";1997-03-01;"1zc-_KGBYIh5RhK-vGGMuq9fKgPXkE4yy";"Temperaturas1997-03-01.tif"
"277";1997-02-01;"1qKFiH7ubfrxCPA6KTRSwz9IRJeY17bAa";"Temperaturas1997-02-01.tif"
"278";1997-01-01;"1tVT-gAdga_JAzYeSXn7l0ZchIlH65Ylg";"Temperaturas1997-01-01.tif"
"279";1996-12-01;"1E3_7_DRhOhsXRh9MPGcSuj7y8xit6mG6";"Temperaturas1996-12-01.tif"
"280";1996-11-01;"1gKiHuTslhT1Y7I4lxLLcNaKI5iwRHq8d";"Temperaturas1996-11-01.tif"
"281";1996-10-01;"1NhU1gY2HWgpgfoinAn2-H7_vttouuQYe";"Temperaturas1996-10-01.tif"
"282";1996-09-01;"1YUd_HNpLwVgMbJXTNwseAa4X_v8tNL3F";"Temperaturas1996-09-01.tif"
"283";1996-08-01;"15_Mjj7bQkSqzUztvbmGJqzVv7A4cPlms";"Temperaturas1996-08-01.tif"
"284";1996-07-01;"15LWAZj1x9C_ABIpOcRcPZGSawosH9Qcl";"Temperaturas1996-07-01.tif"
"285";1996-06-01;"1sBZ6AMTHuCO2o4dB2-3ojNXWjpMD6hSs";"Temperaturas1996-06-01.tif"
"286";1996-05-01;"1pamGQuQVGfEOTrc4tAxjpGeL_KW8_8-Y";"Temperaturas1996-05-01.tif"
"287";1996-04-01;"14NHuPOakzhZAxMyHcRrsGvBGUzfvQ9Jf";"Temperaturas1996-04-01.tif"
"288";1996-03-01;"17Rb_x72VqLtW1gWCeoHhDjutispy1Yiw";"Temperaturas1996-03-01.tif"
"289";1996-02-01;"14ZaibyyF29WgTccwJWYuQ19FpZQFh88e";"Temperaturas1996-02-01.tif"
"290";1996-01-01;"1nWZVwAO3CdGWCxxaeLSKVaJfwdiodzCd";"Temperaturas1996-01-01.tif"
"291";1995-12-01;"1odOr3sHNRbex5T0fuUurmOMXCnz-tFNr";"Temperaturas1995-12-01.tif"
"292";1995-11-01;"1QdPZoTf4lfyaCMDs7d3pISd-qykpogf8";"Temperaturas1995-11-01.tif"
"293";1995-10-01;"1WvWbk21ta90Uubf8hmjLw9v6TX__v995";"Temperaturas1995-10-01.tif"
"294";1995-09-01;"1hf_fdWdhBFHdLCDg1GFGj5NNcrP1A5Xc";"Temperaturas1995-09-01.tif"
"295";1995-08-01;"1vfKSPDafqa7vTRhMnloKF7POlZfB-HL-";"Temperaturas1995-08-01.tif"
"296";1995-07-01;"1ldEZx8eF0BRF4pQHmF83uzOP3morR2UV";"Temperaturas1995-07-01.tif"
"297";1995-06-01;"120LU3p5kn6Ph3BVtOOZ0zvL4yB3NYLYl";"Temperaturas1995-06-01.tif"
"298";1995-05-01;"1ELZHdGDakIMzQsuXZb_IDFe1CNTZaiBO";"Temperaturas1995-05-01.tif"
"299";1995-04-01;"1Nz7lTaIwS6B3wZuJiKDdd-tF5YvOqW-T";"Temperaturas1995-04-01.tif"
"300";1995-03-01;"1GOIxL4e-3E7WWIGYpfPhEe3bJtlbjYi_";"Temperaturas1995-03-01.tif"
"301";1995-02-01;"1rChhLnirNhKyDJ2wnoTKT9nFA6gkpDsV";"Temperaturas1995-02-01.tif"
"302";1995-01-01;"1fafqsC_VC484OjL3AHFSBJxlUWlEGYr9";"Temperaturas1995-01-01.tif"
"303";1994-12-01;"10Hjq2i47n83yWz_3ucDf55pqwDQ4lK1b";"Temperaturas1994-12-01.tif"
"304";1994-11-01;"1V1xg1St8f0zpiSnuOd9MbpsoSo1VXnUF";"Temperaturas1994-11-01.tif"
"305";1994-10-01;"15GCuPuu1RsrXchwCmhOnNcnPfdQT4u98";"Temperaturas1994-10-01.tif"
"306";1994-09-01;"1eQL29Dxv8FeC8jXOOTy-gbjwR_YRZhvm";"Temperaturas1994-09-01.tif"
"307";1994-08-01;"1rYM4S32sSMzTTKMXsJkUJ7UvDbtovq_v";"Temperaturas1994-08-01.tif"
"308";1994-07-01;"1lFkSAp16r4nR4KKnA6suVZNjIXVDYB8t";"Temperaturas1994-07-01.tif"
"309";1994-06-01;"1__RzSzlmiSnF1AvnlI9b0xVtLtRqA1SQ";"Temperaturas1994-06-01.tif"
"310";1994-05-01;"1zePOKVwWoeq43B986m4jrU0H5n6XVlfx";"Temperaturas1994-05-01.tif"
"311";1994-04-01;"1qTOHK6PpblGjlcCRBcemhXK8ia9R5yYq";"Temperaturas1994-04-01.tif"
"312";1994-03-01;"18qoCRXQMRCQv3-rbkm1WRzkXQqLq33Yc";"Temperaturas1994-03-01.tif"
"313";1994-02-01;"14LAqaFzvCcCnVLDF0kI-ov6blLi9vcaW";"Temperaturas1994-02-01.tif"
"314";1994-01-01;"1BZDa3n577PKwMyOBHAh-Ltj-aUzcoKfb";"Temperaturas1994-01-01.tif"
"315";1993-12-01;"1GliGNftDgz0AOVS2MisoeHmnMxVZK3QB";"Temperaturas1993-12-01.tif"
"316";1993-11-01;"1nND-gzH3hwsV9sLkqZ61MsgC76qH5h_Y";"Temperaturas1993-11-01.tif"
"317";1993-10-01;"10QSbWNbg1D6pDnQeDRyM-f5VCVR7CGao";"Temperaturas1993-10-01.tif"
"318";1993-09-01;"1Z0plwEfzo-VJ78Th9UHKTzABe061zySd";"Temperaturas1993-09-01.tif"
"319";1993-08-01;"1cqVnDMhHSULU_bf2Nbn4Q-ClW7eJxep8";"Temperaturas1993-08-01.tif"
"320";1993-07-01;"1WenEwd2ulBtAAXrMcetqIHzqojzaEAhJ";"Temperaturas1993-07-01.tif"
"321";1993-06-01;"104qImloBoUfRanjJQTYk3XQIvZAEt2Mb";"Temperaturas1993-06-01.tif"
"322";1993-05-01;"1bzNgcKilYIMT3n8Ax4CM0NU_yqOGzuzQ";"Temperaturas1993-05-01.tif"
"323";1993-04-01;"1Dyz8J6CfBQCrMQSRxVJXcBsYCN5wpmVP";"Temperaturas1993-04-01.tif"
"324";1993-03-01;"1Af_bRAwxEGQZcpQdnlOOhr1HKBqni1s5";"Temperaturas1993-03-01.tif"
"325";1993-02-01;"1Nf958DWrDzhoo0KLc4xKJRAXQlxeERcN";"Temperaturas1993-02-01.tif"
"326";1993-01-01;"1hgmS63OopWq0fMbsyX_7Ez3umEJLylqu";"Temperaturas1993-01-01.tif"
"327";1992-12-01;"1t7KjO5wZl5MK4wuXzIzm9QJeNi5FSH3Q";"Temperaturas1992-12-01.tif"
"328";1992-11-01;"1bz-HXQCDl1LOwJ8lpO2kNLaYU5wbK4Zd";"Temperaturas1992-11-01.tif"
"329";1992-10-01;"1_FJQHAFzBeCUlIWVPYUgKlBD7dz-LrC6";"Temperaturas1992-10-01.tif"
"330";1992-09-01;"1JeuW0rVSgczgqXBiR36RHBO7L2gUdh9r";"Temperaturas1992-09-01.tif"
"331";1992-08-01;"13bCk4AJgjzeZVhXsNizeEMN48GBRXuZF";"Temperaturas1992-08-01.tif"
"332";1992-07-01;"1OFJIIAe_mbg5_aep5N33yXnFXColwoy4";"Temperaturas1992-07-01.tif"
"333";1992-06-01;"1zoqK0mLpB_T3dCGc2gVsaNC8zzk0yFi_";"Temperaturas1992-06-01.tif"
"334";1992-05-01;"1-34lKXaJrQCiUwYuEuV3MBCmcJnWk7Nu";"Temperaturas1992-05-01.tif"
"335";1992-04-01;"1wUVLyBqa521MnjpBZlc-SWlJzPgVmubx";"Temperaturas1992-04-01.tif"
"336";1992-03-01;"192tm-Bx2SWh-a19bgXAvKVjBsyo6NSNn";"Temperaturas1992-03-01.tif"
"337";1992-02-01;"1tJwpgeSfaiEWwwIvDN1FylAQ9JHhUMyj";"Temperaturas1992-02-01.tif"
"338";1992-01-01;"18AoGsYJd9t7_Z7tbitF7b_Lp2kb5vZKD";"Temperaturas1992-01-01.tif"
"339";1991-12-01;"1Ia0plJGZ61Hx1JlKjhc86abVqA3hAl4T";"Temperaturas1991-12-01.tif"
"340";1991-11-01;"1rDYNoHmhAcnxvO75NMqOYYZKb9DNJcyq";"Temperaturas1991-11-01.tif"
"341";1991-10-01;"1l2qw5OiVov8BcLNt4AISaJzZqXUti4YQ";"Temperaturas1991-10-01.tif"
"342";1991-09-01;"1nDX8nCq64pOUmqoaVHHW8TwvyqbrpD6t";"Temperaturas1991-09-01.tif"
"343";1991-08-01;"1m35LgEXAjsjuefdAfZu1IAQSP7Ftbcst";"Temperaturas1991-08-01.tif"
"344";1991-07-01;"1FwFWI4d4wo0MRWkynyq2n9yXj5oKWZWu";"Temperaturas1991-07-01.tif"
"345";1991-06-01;"1Xh9zxUgbQrQOADCCnQ_eItFsJaR4mgpY";"Temperaturas1991-06-01.tif"
"346";1991-05-01;"17aVqk5B8sheAr_jVbQn7vsrYxNURhpDp";"Temperaturas1991-05-01.tif"
"347";1991-04-01;"18faNoAfN2D1v3s8OQQbptk1fRfIwbdoV";"Temperaturas1991-04-01.tif"
"348";1991-03-01;"15XUDNzgzP-lFeyUn1QkUxqaDmAWu3QXk";"Temperaturas1991-03-01.tif"
"349";1991-02-01;"1oTUtn8MZUq3-3kZFWKHFfo6xk41hMAbN";"Temperaturas1991-02-01.tif"
"350";1991-01-01;"1YZSnxMqx8eZq8TtZ-FrbPdSFVE2kRRBX";"Temperaturas1991-01-01.tif"
"351";1990-12-01;"1hMgT3Kx8tmjgxPcZlXqI-2g5dEYyyBAQ";"Temperaturas1990-12-01.tif"
"352";1990-11-01;"1UJtF8C0qiqulbSAAxju474jal-0PAMjG";"Temperaturas1990-11-01.tif"
"353";1990-10-01;"1vab8NkIkpObAwwNkcMrUVAhKbpBldDg_";"Temperaturas1990-10-01.tif"
"354";1990-09-01;"1BtvSDmHhE1g9Clw4FCufPRiUfKm6ip_g";"Temperaturas1990-09-01.tif"
"355";1990-08-01;"1zVYCP0L8Vvf7msB_LOn7Xurek50WWK71";"Temperaturas1990-08-01.tif"
"356";1990-07-01;"14rDkZWqrN4fM8v6JvBjYzKkmUinE7kjg";"Temperaturas1990-07-01.tif"
"357";1990-06-01;"1eRCKx6rOi6c15hzdqabtMjONRxpscJGV";"Temperaturas1990-06-01.tif"
"358";1990-05-01;"1zA8q9_v5tLVzW4VZ1uu4LDwQdU3qzEZx";"Temperaturas1990-05-01.tif"
"359";1990-04-01;"16gEB_Iw5E4vZ0dVI6xm7desUf34cnaJL";"Temperaturas1990-04-01.tif"
"360";1990-03-01;"1jeN9j3QBR3vqHzQw-47e0z2g6oe585YX";"Temperaturas1990-03-01.tif"
"361";1990-02-01;"1IMQhh7ull-HLyV_DTFdhQvCzD2D2UlH1";"Temperaturas1990-02-01.tif"
"362";1990-01-01;"1E-RxXAYAR9pE5juuknm1Y_coeEckU9wE";"Temperaturas1990-01-01.tif"
"363";1989-12-01;"1jKOfI4s0Xc3rtx8nKPjztJjh06_-udwj";"Temperaturas1989-12-01.tif"
"364";1989-11-01;"1hbTUi4yVOXnVlxxkR1MkfybRBkgdFLs6";"Temperaturas1989-11-01.tif"
"365";1989-10-01;"10LCEWGef9hx91x1kYjyoiiUH8dDwYnCD";"Temperaturas1989-10-01.tif"
"366";1989-09-01;"1FuJRB6MdLd9lSq6TrHKhAyHViFvs3bnR";"Temperaturas1989-09-01.tif"
"367";1989-08-01;"1oIZwrSRxNWpJqTNSO_BdOzyCKpMGNYZI";"Temperaturas1989-08-01.tif"
"368";1989-07-01;"1FvKYRq0B5DkH6B3DpSzbT14XCrTnt81m";"Temperaturas1989-07-01.tif"
"369";1989-06-01;"11FL0DOx72nqkEBJfwU69W3aHoo1C5Sb3";"Temperaturas1989-06-01.tif"
"370";1989-05-01;"1abAnNI6P4wJ-g-9eVHAlu9oD5Cdcbm1c";"Temperaturas1989-05-01.tif"
"371";1989-04-01;"1UAopZIyCsf6-zot2_xY1Xv8WAVIVozp-";"Temperaturas1989-04-01.tif"
"372";1989-03-01;"1EW2FhEzShDR3TgIbJL4r0SELe43OkoOr";"Temperaturas1989-03-01.tif"
"373";1989-02-01;"1NFQKjPQh4gx_HkEzSZh1E4diYPkrxrFA";"Temperaturas1989-02-01.tif"
"374";1989-01-01;"1Tw7mvT9VcE5WYloBB1hCliOJMkA_p7Bj";"Temperaturas1989-01-01.tif"
"375";1988-12-01;"1ETLLGxiJPEBL4jdCuDFB91xTncMmRdPO";"Temperaturas1988-12-01.tif"
"376";1988-11-01;"13mL0qkEo1LKkWo_ehcdWIk610o2z0Z5W";"Temperaturas1988-11-01.tif"
"377";1988-10-01;"1CcujJR13UY1NAVgef7NI1oAA50gIxG_f";"Temperaturas1988-10-01.tif"
"378";1988-09-01;"1wkhAt5r61FKdORu-VJOP5NmCiAsYVKK2";"Temperaturas1988-09-01.tif"
"379";1988-08-01;"1KLn8inElrVeWedS6w93uBEHYS3WzMgm2";"Temperaturas1988-08-01.tif"
"380";1988-07-01;"1QF2pQpg-TjolO8rfkoY4yaFDDCYu5OLL";"Temperaturas1988-07-01.tif"
"381";1988-06-01;"1Nvdj7hbimvuih7ATCt5vYDtq7FgbJmrp";"Temperaturas1988-06-01.tif"
"382";1988-05-01;"1ELXSBsUAKGpeLvvys2VIT1ySejVNo0gS";"Temperaturas1988-05-01.tif"
"383";1988-04-01;"1ZZsJsa_Vrl2azkmNa3_y5oZPvXahxrY3";"Temperaturas1988-04-01.tif"
"384";1988-03-01;"1ictudMg9X7wL1tbVVJDcuJpx_sXXCYG1";"Temperaturas1988-03-01.tif"
"385";1988-02-01;"1YwE_pnE8OkbgOEoGIcDkWZvwdwN98Mkn";"Temperaturas1988-02-01.tif"
"386";1988-01-01;"1_8m_XF4We8cdHqymxby54HTVjhsf33Jk";"Temperaturas1988-01-01.tif"
"387";1987-12-01;"1GrKXd2S1Zn2QaRTuleQRVo3ae5O7QcdO";"Temperaturas1987-12-01.tif"
"388";1987-11-01;"1A-bRyOIklTNKtPNN8jDxaUHdF3pzGUlx";"Temperaturas1987-11-01.tif"
"389";1987-10-01;"1Db_dOTY7NUPytM2_L0GReg7x360VMWrX";"Temperaturas1987-10-01.tif"
"390";1987-09-01;"1uQLK4nvEhVEGxRprGJ9AvPURxrprbF_5";"Temperaturas1987-09-01.tif"
"391";1987-08-01;"1GitqDaVAB78vQ6hbEcFvXmexqDhpoVyo";"Temperaturas1987-08-01.tif"
"392";1987-07-01;"1zHUH0E5KCSh4F9tmydlpy2l4Dq-PNCVa";"Temperaturas1987-07-01.tif"
"393";1987-06-01;"1rR5taJieAarM2a30N9h055CWO3zBGAYf";"Temperaturas1987-06-01.tif"
"394";1987-05-01;"1mtlBT_YDHrjar_ONVAzBKigNqaKT5aS2";"Temperaturas1987-05-01.tif"
"395";1987-04-01;"1FnvwzGez2dq_mOPm6wtgTz1ItV2QWYqo";"Temperaturas1987-04-01.tif"
"396";1987-03-01;"1hg1axPkBuBrLxqWEDnSp7ZOg1TALH0Pb";"Temperaturas1987-03-01.tif"
"397";1987-02-01;"1PfFuF2JCwbkttW16wosvBegKcYuULr13";"Temperaturas1987-02-01.tif"
"398";1987-01-01;"1kp3SYuuOTOuUbrDaGgAc9YFUoBJpZWCh";"Temperaturas1987-01-01.tif"
"399";1986-12-01;"172q2mYA5X_iiJRQ0uW2WNugwZqOi5S6H";"Temperaturas1986-12-01.tif"
"400";1986-11-01;"1Xb7WWaj1uA0F0dtjzFx8OP0PUCwlPs_O";"Temperaturas1986-11-01.tif"
"401";1986-10-01;"1_FLAAustvaDLzbcujSJ-xrQRcGzJA6aj";"Temperaturas1986-10-01.tif"
"402";1986-09-01;"1SrqB_SJMswPNMcLT5hH1D9nuxFPittzf";"Temperaturas1986-09-01.tif"
"403";1986-08-01;"1iuCcCGbUP6Lxo8cZcZCMHdLINWIgWhI5";"Temperaturas1986-08-01.tif"
"404";1986-07-01;"15NtKBS8QkEkT2IjOzE180PKuO06T6opl";"Temperaturas1986-07-01.tif"
"405";1986-06-01;"1sj06NMLMMc05--u3ZhR1cgbCI4RtyqG0";"Temperaturas1986-06-01.tif"
"406";1986-05-01;"18Ld33YjYW09dyudZxHHZgeu1cXiLJmSt";"Temperaturas1986-05-01.tif"
"407";1986-04-01;"13x5IB0-WdqhnOlLVz9JopRT3iQ83kSy5";"Temperaturas1986-04-01.tif"
"408";1986-03-01;"1X5L7KKmBJOhxVwUG33WN5XqaaNnOe8WE";"Temperaturas1986-03-01.tif"
"409";1986-02-01;"1mxqWVIKP82E0vqstHA601ytw86nwGSQb";"Temperaturas1986-02-01.tif"
"410";1986-01-01;"1I9F1WEAdrbRP7bP520yq-uKkC9Ivz75S";"Temperaturas1986-01-01.tif"
"411";1985-12-01;"1yAeRQWYSSbUAPmBKu9W6lC8_Q8nCO0kj";"Temperaturas1985-12-01.tif"
"412";1985-11-01;"1lfqqMejzKNey6fiPITx5jasdjlkjURCe";"Temperaturas1985-11-01.tif"
"413";1985-10-01;"1NFqyD507t4n6UVZhvX4-PjBCqr_0S30n";"Temperaturas1985-10-01.tif"
"414";1985-09-01;"17P_5LXMKV8TqmUvav6JxoA8_IIC60Ilw";"Temperaturas1985-09-01.tif"
"415";1985-08-01;"1VYsTldFrff27glkxuAtm5ZNGrWRBg1b1";"Temperaturas1985-08-01.tif"
"416";1985-07-01;"1YKGJpTsSdYJhK8gwp9pwjUagSLQiYg1a";"Temperaturas1985-07-01.tif"
"417";1985-06-01;"1hCzwOsYgUKWe9N1A_k-HNoq75ewfM5EG";"Temperaturas1985-06-01.tif"
"418";1985-05-01;"12FP5QuqQjASZMLrQEl13lG4E2ige05mL";"Temperaturas1985-05-01.tif"
"419";1985-04-01;"1zNGXiik37oTx_7N0YhiJnGLOlTNLQEYZ";"Temperaturas1985-04-01.tif"
"420";1985-03-01;"17pRqwDkF1D2VgTHhLbG1MF8UQXhVzXO7";"Temperaturas1985-03-01.tif"
"421";1985-02-01;"1QPmdHnp1t-RBJxZDJupDIi__7UPrFL26";"Temperaturas1985-02-01.tif"
"422";1985-01-01;"1_VIBXVoqotimW-xSwVuVUBpl_ETFQfCq";"Temperaturas1985-01-01.tif"
"423";1984-12-01;"1wfgDnOREJrlyH1gzgwyuyk0EynM9AHd2";"Temperaturas1984-12-01.tif"
"424";1984-11-01;"1Ld2uaQoiHsTULVUGLX7edKSJihwQXFBL";"Temperaturas1984-11-01.tif"
"425";1984-10-01;"11_wLunRHE2VtYNgiBC4uTwYnJo2nInzP";"Temperaturas1984-10-01.tif"
"426";1984-09-01;"1cTWR1ZHo1muKrCtiPz7Zbijfslh-qErQ";"Temperaturas1984-09-01.tif"
"427";1984-08-01;"1eimPQninSROVxLxGcSIiAtrN8HyZ3HCt";"Temperaturas1984-08-01.tif"
"428";1984-07-01;"1rvL5tP22jywkTa930piEZ9fwq3yAIymW";"Temperaturas1984-07-01.tif"
"429";1984-06-01;"1ZVxmm7ZsnNs8t7SXY59I319S10VjfN5t";"Temperaturas1984-06-01.tif"
"430";1984-05-01;"1mYrR3Reka9QWLvNYV3pf0O1Dnzq3l7FU";"Temperaturas1984-05-01.tif"
"431";1984-04-01;"1w4QVdE1hhWq0EXXTj19BntY4PrZ3HYSB";"Temperaturas1984-04-01.tif"
"432";1984-03-01;"1kL8VnXW4hW7zrwYAjeDQbQq3imSANeNc";"Temperaturas1984-03-01.tif"
"433";1984-02-01;"1MQmwSUsJTQqxDAejm07NQlfX3MGkz6BQ";"Temperaturas1984-02-01.tif"
"434";1984-01-01;"15q17AfdD4OylFzKbEnUvncpg0RIBoMEm";"Temperaturas1984-01-01.tif"
"435";1983-12-01;"1kUtY2iLi3e6xi9TXw_zHIVzdJ0Fyw6in";"Temperaturas1983-12-01.tif"
"436";1983-11-01;"1CQTPESX7tqsoOeWaZK3ZVGTvqEgSOsnM";"Temperaturas1983-11-01.tif"
"437";1983-10-01;"1lPY6t7X9zKuBxBX-ZcUhE9NDnqMOJ75L";"Temperaturas1983-10-01.tif"
"438";1983-09-01;"1O7siOj0H3Js9mLQmYfa1LslKA89Rgdk4";"Temperaturas1983-09-01.tif"
"439";1983-08-01;"1mr0VWlh6twC6VAFCav20z2FzLcnU83ip";"Temperaturas1983-08-01.tif"
"440";1983-07-01;"1y3eci3wI7VlpITp6RXEbEqTk3COEjL0P";"Temperaturas1983-07-01.tif"
"441";1983-06-01;"1XLx1S7Hzi8cwuf6sT-OkoiuzYx99u6Nz";"Temperaturas1983-06-01.tif"
"442";1983-05-01;"10eYbxUckQzxt_nIp6J5huWmyGphE91jG";"Temperaturas1983-05-01.tif"
"443";1983-04-01;"1PCLIwbhQ11GB7UFJHaa-_6Cj5VOhwBiV";"Temperaturas1983-04-01.tif"
"444";1983-03-01;"1xB8ztAt66IAWFjXEtCVaJRrSzXkmYtCB";"Temperaturas1983-03-01.tif"
"445";1983-02-01;"1YQiewAY4meRVgHLAkBv4GYz5BRL0EKQC";"Temperaturas1983-02-01.tif"
"446";1983-01-01;"10BhkCFE8XEH4tIlBuRg1UJpu9_q7UDAl";"Temperaturas1983-01-01.tif"
"447";1982-12-01;"1l2f3r9JpXwX7TH1RyO8kihEWEU_17Sjp";"Temperaturas1982-12-01.tif"
"448";1982-11-01;"14R0Y6_I1_N1MBSYO4UQdKIpYYsxI0i9O";"Temperaturas1982-11-01.tif"
"449";1982-10-01;"1yNduAMS0zxGYXzMXlGUSEOpf8ZW_gFtj";"Temperaturas1982-10-01.tif"
"450";1982-09-01;"16cDCl4BpWrzcGrX7QrC9az20pBcpXda1";"Temperaturas1982-09-01.tif"
"451";1982-08-01;"1J3h0vGSouZRf3oM_0wK3oHSatTeZwR9T";"Temperaturas1982-08-01.tif"
"452";1982-07-01;"1SY4ewTBf-cM7wHLUb4fonLlDh8nOCxBb";"Temperaturas1982-07-01.tif"
"453";1982-06-01;"1AlN3gWei5SLTZlemyqm40hyQ7EVNxDvx";"Temperaturas1982-06-01.tif"
"454";1982-05-01;"1jgB2qL4p6Wd0Rl3iNVIKRhv363uLcPpc";"Temperaturas1982-05-01.tif"
"455";1982-04-01;"1TW6YE19Z4poznRcArNNZ5y5pdM94omm0";"Temperaturas1982-04-01.tif"
"456";1982-03-01;"1owAQK7Qq1SrvN0aTYaoXCcOuG9GMymP0";"Temperaturas1982-03-01.tif"
"457";1982-01-01;"19cQ32CxRB3rYeep0glz6eoX8hPtsSGQ2";"Temperaturas1982-01-01.tif"
"458";2020-02-01;"1vRcelDbDgIyn0YPr0Fct5kZ33nwezVBF";"Temperaturas2020-02-01.tif"
